source_id,title,publisher,published_at,accessed_at,url,authority_level,supports_claim,limitations
SRC-01,iTutorGroup to Pay $365000 to Settle EEOC Discriminatory Hiring Suit,EEOC,2023-09-11,2026-08-24,https://www.eeoc.gov/newsroom/itutorgroup-pay-365000-settle-eeoc-discriminatory-hiring-suit,primary-official,EEOC said the company would pay $365000 and that software auto-rejected more than 200 older applicants.,This is a settlement write-up. It does not include a public model audit.
SRC-02,Navigating Employment Discrimination in AI and Automated Systems - Testimony of Gary D. Friedman,EEOC,2023-01-31,2026-08-24,https://www.eeoc.gov/meetings/meeting-january-31-2023-navigating-employment-discrimination-ai-and-automated-systems-new/friedman,other,Testimony retells the Amazon recruiting-tool story and warns iTutorGroup may have been programmed rules not AI.,This is witness testimony not an EEOC court finding. Amazon details come from other reporting.
SRC-03,Artificial Intelligence Risk Management Framework 1.0,NIST,2023-01-26,2026-08-24,https://nvlpubs.nist.gov/nistpubs/ai/NIST.AI.100-1.pdf,primary-official,NIST says teams should govern map measure and manage AI risk including monitoring and residual risk.,Voluntary guide. It is not a legal label or a certificate.
SRC-04,Law 134/2025/QH15 on Artificial Intelligence,National Assembly of Vietnam,2025-12-10,2026-08-24,https://vanban.chinhphu.vn/?classid=1&docid=216334&pageid=27160&typegroupid=3,primary-official,Vietnam AI Law took effect on 2026-03-01 and is the main AI law to check.,I cannot tell our exact duties from the title. Need legal to map our workflow.
SRC-05,Decision 33/2026/QD-TTg high-risk AI list,Prime Minister of Vietnam,2026-06-30,2026-08-24,https://vanban.chinhphu.vn/?classid=1&docid=218658&orggroupid=3&pageid=27160,primary-official,Vietnam published a high-risk AI list that took effect on 2026-08-15.,We still have to match our live product to the full list. I did not do that mapping.
SRC-06,EU AI Act implementation timeline,European Commission,2026-08-03,2026-08-24,https://digital-strategy.ec.europa.eu/en/policies/regulatory-framework-ai,primary-official,The Commission page treats employment including recruitment as a high-risk area and shows a staged timeline.,Dates can change. Recheck before any EU launch.
SRC-07,Law 91/2025/QH15 on Personal Data Protection,National Assembly of Vietnam,2025-06-26,2026-08-24,https://vanban.chinhphu.vn/?classid=1&docid=214590&pageid=27160&typegroup=,primary-official,Candidate name contact and work history are personal data under Vietnam PDPL when we process applications.,Lawful basis vendor roles and notices still need a privacy owner and legal. I only flagged the issue.
SRC-08,Collision Between Vehicle Controlled by Developmental Automated Driving System and Pedestrian NTSB HWY18MH010,NTSB,2019-11-05,2026-08-24,https://www.ntsb.gov/investigations/Pages/HWY18MH010.aspx,primary-official,NTSB shows a serious failure can start in oversight and process not only in the model score.,Different industry. I use it only for the group pattern about weak human oversight.
SRC-09,External Validation of a Widely Implemented Proprietary Sepsis Prediction Model in Hospitalized Patients,JAMA Internal Medicine,2021-06-21,2026-08-24,https://pubmed.ncbi.nlm.nih.gov/34152373/,primary-peer-reviewed,A deployed hospital model did much worse than the vendor-reported score in an external check.,Healthcare not hiring. I use it only to remember not to trust vendor metrics alone.
